"video title","video identifier"
"My Oxford Year | Official Trailer | Netflix (2025)","videos/EKQPCiUSRAo_start_41"
"Materialists | Official Trailer HD | A24 (2025)","videos/4A_kmjtsJ7c_start_6"
"Good Fortune | Official Trailer (2025)","videos/ZKWndx83RwQ_start_100"
"Darkest Hour (2017)","2018/htHKbsUKDDw_start_58"
"Breaking In (2018)","2018/GbZZ2TDY5dA_start_26"
"San Andreas (2015)","2018/CLxHRE-Knmc_start_0"
"xXx: Return of Xander Cage (2017)","2018/vq6ofw0hqkU_start_45"
"Jurassic World: Fallen Kingdom (2018)","2018/NFj82X1Fdh4_start_9"
"Now You See Me 2 (2016)","2018/Dr6eV4y0atg_start_13"
"Wonder Woman (2017)","2018/CNuEnlaPuls_start_0"
"Jumanji: Welcome to the Jungle (2017)","2018/V3Gnq8VFai4_start_163"
"Teenage Mutant Ninja Turtles 2 (2016)","2018/bY6jLt3owBQ_start_18"
"Rescue Dawn (2006)","2018/BFAfiz1daR4_start_40"
"Jumanji: Welcome to the Jungle (2017)","2018/w5yJV_TKOWg_start_30"
"Knowing (2009)","2014/_pWW7Xmat6o_start_0"
"The Hunger Games: Catching Fire (2013)","2014/I44NZgYW6_4_start_71"
"The Divergent Series: Allegiant (2016)","2018/6O_dprt5rts_start_0"
"Mission: Impossible - Rogue Nation (2015)","2018/GSrtUVzdt6M_start_0"
"S.W.A.T (2003)","2018/G61d-lcbLT4_start_49"
"Lassie Come Home (1943)","2014/2H7XknY3PMA_start_29"
"Bandslam (2009)","2014/THFVJBcv7W4_start_11"
"Jumanji: Welcome to the Jungle (2017)","2018/elpUGB9Ap1Y_start_33"
"In the Land of Women (2007)","2018/GwtcfnmV68I_start_1"
"Little Man Tate (1991)","2018/_0X1jPgLo-A_start_92"
"Little Man Tate (1991)","2018/-oL4NpO7eAw_start_0"
"Death Wish II (1982)","2018/aDcfm_9GTyU_start_5"
"Teen Wolf Too (1987)","2018/DYAdSce8Rd0_start_90"
"The Dark Tower (2017)","2018/oIlpo2mj_qk_start_89"
"The Divergent Series: Allegiant (2016)","2018/tlSscKeO9Cc_start_24"
"Truth or Dare (2018)","2018/FgUKDQA1qFg_start_68"
